,tournament,eventName,player1,player2,player1_odds,player2_odds,eventdate,lastupdate
0,Promotions,ATP 2023 vs Season Specials,,,,,,
1,Promotions,Carlos Alcaraz Season 2023 Specials,,,,,,
2,Promotions,Holger Rune vs Season Specials 2023,,,,,,
3,Promotions,WTA 2023 vs Season Specials,,,,,,
4,Promotions,British Players vs Season Specials 2023,,,,,,
5,WTA,Sophie Chang (USA) vs Bibiane Schoofs (NED),Sophie Chang (USA),Bibiane Schoofs (NED),1.22,4.1,2022-11-30 12:15,2022-11-30 12:15
6,WTA,Pemra Ozgen (TUR) vs Kateryna Baindl (UKR),Pemra Ozgen (TUR),Kateryna Baindl (UKR),5.5,1.14,2022-11-30 14:15,2022-11-30 14:15
7,WTA,Rebecca Peterson (SWE) vs Daria Snigur (UKR),Rebecca Peterson (SWE),Daria Snigur (UKR),1.8,2.0,2022-11-30 15:45,2022-11-30 15:45
8,WTA,Sabine Lisicki (GER) vs Alina Charaeva (RUS),Sabine Lisicki (GER),Alina Charaeva (RUS),1.42,2.85,2022-11-30 16:15,2022-11-30 16:15
9,WTA,Katrina Scott (USA) vs Alison Van Uytvanck (BEL),Katrina Scott (USA),Alison Van Uytvanck (BEL),3.1,1.35,2022-11-30 18:15,2022-11-30 18:15
10,WTA,Ana Konjuh (CRO) vs Carole Monnet (FRA),Ana Konjuh (CRO),Carole Monnet (FRA),1.16,5.0,2022-11-30 19:45,2022-11-30 19:45
11,WTA,Tatjana Maria (GER) vs Victoria Jimenez Kasintseva (AND),Tatjana Maria (GER),Victoria Jimenez Kasintseva (AND),2.0,1.78,2022-11-30 20:15,2022-11-30 20:15
12,WTA,Weronika Falkowska (POL) vs Dayana Yastremska (UKR),Weronika Falkowska (POL),Dayana Yastremska (UKR),4.5,1.19,2022-12-01 09:00,2022-12-01 09:00
13,Challenger,Joao Domingues (POR) vs Maximilian Neuchrist (AUT),Joao Domingues (POR),Maximilian Neuchrist (AUT),1.57,2.25,2022-11-30 10:45,2022-11-30 10:45
14,Challenger,Vitaliy Sachko (UKR) vs Jan Choinski (GBR),Vitaliy Sachko (UKR),Jan Choinski (GBR),2.05,1.7,2022-11-30 11:15,2022-11-30 11:15
15,Challenger,Luca Van Assche (FRA) vs Elias Ymer (SWE),Luca Van Assche (FRA),Elias Ymer (SWE),1.87,1.83,2022-11-30 13:15,2022-11-30 13:15
16,Challenger,Oleksii Krutykh (UKR) vs Pedro Sousa (POR),Oleksii Krutykh (UKR),Pedro Sousa (POR),1.7,2.05,2022-11-30 14:45,2022-11-30 14:45
17,Challenger,Raphael Collignon (BEL) vs Riccardo Bonadio (ITA),Raphael Collignon (BEL),Riccardo Bonadio (ITA),2.0,1.72,2022-12-01 10:00,2022-12-01 10:00
18,Challenger,H. Jebens/N. Schell vs J. Cash/H. Patten,H. Jebens/N. Schell,J. Cash/H. Patten,3.2,1.28,2022-11-30 15:15,2022-11-30 15:15
19,Challenger,D. Istomin/E. Karlovskiy vs J. Faria/D. Vale,D. Istomin/E. Karlovskiy,J. Faria/D. Vale,1.4,2.65,2022-11-30 15:15,2022-11-30 15:15
20,Challenger,N. Borges/F. Cabral vs N. Alvarez Varona/T. Skatov,N. Borges/F. Cabral,N. Alvarez Varona/T. Skatov,1.11,5.25,2022-11-30 16:45,2022-11-30 16:45
21,Challenger,A. Dabryian/G. Oliveira vs F. Coelho/G. Falcao,A. Dabryian/G. Oliveira,F. Coelho/G. Falcao,3.7,1.22,2022-11-30 17:15,2022-11-30 17:15
22,Challenger,Alejandro Moro Canas (ESP) vs Pablo Llamas Ruiz (ESP),Alejandro Moro Canas (ESP),Pablo Llamas Ruiz (ESP),1.7,2.05,2022-11-30 10:15,2022-11-30 10:15
23,Challenger,Steven Diez (CAN) vs Moez Echargui (TUN),Steven Diez (CAN),Moez Echargui (TUN),1.75,1.95,2022-11-30 10:15,2022-11-30 10:15
24,Challenger,Lorenzo Giustino (ITA) vs Lukas Neumayer (AUT),Lorenzo Giustino (ITA),Lukas Neumayer (AUT),2.25,1.57,2022-11-30 12:15,2022-11-30 12:15
25,Challenger,Dusan Lajovic (SRB) vs Imanol Lopez Morillo (ESP),Dusan Lajovic (SRB),Imanol Lopez Morillo (ESP),1.14,5.0,2022-12-01 10:00,2022-12-01 10:00
26,Challenger,Timo Stodder (GER) vs Vit Kopriva (CZE),Timo Stodder (GER),Vit Kopriva (CZE),2.65,1.42,2022-12-01 10:00,2022-12-01 10:00
27,Challenger,A. Barroso Campos/I. Lopez Morillo vs M. Alcala Gurri/I. De Rueda De Genover,A. Barroso Campos/I. Lopez Morillo,M. Alcala Gurri/I. De Rueda De Genover,1.25,3.5,2022-11-30 12:15,2022-11-30 12:15
28,Challenger,I. Sabanov/M. Sabanov vs V. Durasovic/M. Geerts,I. Sabanov/M. Sabanov,V. Durasovic/M. Geerts,1.53,2.3,2022-11-30 12:15,2022-11-30 12:15
29,Challenger,S. Diez/G. M. Moroni vs M. Bortolotti/S. Martos Gornes,S. Diez/G. M. Moroni,M. Bortolotti/S. Martos Gornes,3.2,1.28,2022-11-30 14:15,2022-11-30 14:15
30,Challenger,F. Bergevi/E. Vanshelboim vs V. Kopriva/D. Svrcina,F. Bergevi/E. Vanshelboim,V. Kopriva/D. Svrcina,2.15,1.6,2022-11-30 14:15,2022-11-30 14:15
31,ITF Men,Birtan Duran (TUR) vs Adam Moundir (MAR),Birtan Duran (TUR),Adam Moundir (MAR),8.25,1.03,2022-11-30 06:45,2022-11-30 06:45
32,ITF Men,Baran Soyler (TUR) vs Daniel Rodrigues (POR),Baran Soyler (TUR),Daniel Rodrigues (POR),7.25,1.05,2022-11-30 06:45,2022-11-30 06:45
33,ITF Men,Evgeny Philippov (RUS) vs Maxim Shin (UZB),Evgeny Philippov (RUS),Maxim Shin (UZB),1.3,3.1,2022-11-30 06:45,2022-11-30 06:45
34,ITF Men,Deney Wassermann (NED) vs Alex Marti Pujolras (ESP),Deney Wassermann (NED),Alex Marti Pujolras (ESP),2.85,1.36,2022-11-30 06:45,2022-11-30 06:45
35,ITF Men,Ilya Snitari (MDA) vs Geni Inoue (JPN),Ilya Snitari (MDA),Geni Inoue (JPN),1.1,5.5,2022-11-30 06:45,2022-11-30 06:45
36,ITF Men,Vasile Antonescu (ROU) vs Ivan La Cava (ITA),Vasile Antonescu (ROU),Ivan La Cava (ITA),1.25,3.5,2022-11-30 08:45,2022-11-30 08:45
37,ITF Men,Aleksandr Lobanov (RUS) vs Sarp Agabigun (TUR),Aleksandr Lobanov (RUS),Sarp Agabigun (TUR),3.75,1.22,2022-11-30 08:45,2022-11-30 08:45
38,ITF Men,O. Soyler/E. Sutekin vs K. Isomura/D. Rodrigues,O. Soyler/E. Sutekin,K. Isomura/D. Rodrigues,6.25,1.06,2022-11-30 10:45,2022-11-30 10:45
39,ITF Men,D. Golubev/D. Pichler vs E. Noskin/E. Philippov,D. Golubev/D. Pichler,E. Noskin/E. Philippov,1.57,2.15,2022-11-30 10:45,2022-11-30 10:45
40,ITF Men,R. Cungu/L. Vojinovic vs B. Duran/T. Duran,R. Cungu/L. Vojinovic,B. Duran/T. Duran,1.36,2.75,2022-11-30 12:45,2022-11-30 12:45
41,ITF Men,I. Beloborodko/M. Shin vs M. Alkaya/B. Ilkel,I. Beloborodko/M. Shin,M. Alkaya/B. Ilkel,1.4,2.6,2022-11-30 12:45,2022-11-30 12:45
42,ITF Men,Miguel Avendano Cadena (ESP) vs Mark Whitehouse (GBR),Miguel Avendano Cadena (ESP),Mark Whitehouse (GBR),8.0,1.04,2022-11-30 08:45,2022-11-30 08:45
43,ITF Men,Diego Fernandez Flores (CHI) vs Luca Wiedenmann (GER),Diego Fernandez Flores (CHI),Luca Wiedenmann (GER),2.4,1.48,2022-11-30 08:45,2022-11-30 08:45
44,ITF Men,Sergi Perez Contri (ESP) vs Julio Cesar Porras (ARG),Sergi Perez Contri (ESP),Julio Cesar Porras (ARG),2.05,1.65,2022-11-30 08:45,2022-11-30 08:45
45,ITF Men,Sidane Pontjodikromo (NED) vs Nikolay Nedelchev (BUL),Sidane Pontjodikromo (NED),Nikolay Nedelchev (BUL),1.22,3.7,2022-11-30 08:45,2022-11-30 08:45
46,ITF Men,Tim Handel (GER) vs Ignacio Benzal Alia (ESP),Tim Handel (GER),Ignacio Benzal Alia (ESP),1.04,8.0,2022-11-30 10:45,2022-11-30 10:45
47,ITF Men,Thomas Deschamps (FRA) vs Pablo Manzano Lapuerta (ESP),Thomas Deschamps (FRA),Pablo Manzano Lapuerta (ESP),1.06,6.75,2022-11-30 10:45,2022-11-30 10:45
48,ITF Men,Federico Bondioli (ITA) vs Mario Mansilla Diez (ESP),Federico Bondioli (ITA),Mario Mansilla Diez (ESP),1.87,1.8,2022-11-30 10:45,2022-11-30 10:45
49,ITF Men,Jonas Schaer (SUI) vs Alejandro Turriziani Alvarez (ESP),Jonas Schaer (SUI),Alejandro Turriziani Alvarez (ESP),1.45,2.5,2022-11-30 10:45,2022-11-30 10:45
50,ITF Men,Tao Mu (CHN) vs Aaron Cohen (ISR),Tao Mu (CHN),Aaron Cohen (ISR),1.28,3.25,2022-11-30 12:45,2022-11-30 12:45
51,ITF Men,A. Manzanera Pertusa/S. Martinez Arjona vs N. Nedelchev/A. Stepanian,A. Manzanera Pertusa/S. Martinez Arjona,N. Nedelchev/A. Stepanian,1.25,3.3,2022-11-30 12:45,2022-11-30 12:45
52,ITF Men,M. Martinez/A. Turriziani Alvarez vs D. Fernandez Flores/A. Soriano Barrera,M. Martinez/A. Turriziani Alvarez,D. Fernandez Flores/A. Soriano Barrera,4.75,1.12,2022-11-30 14:45,2022-11-30 14:45
53,ITF Men,Stefano Battaglino (ITA) vs Jasza Szajrych (POL),Stefano Battaglino (ITA),Jasza Szajrych (POL),1.65,2.05,2022-11-30 08:45,2022-11-30 08:45
54,ITF Men,Dino Prizmic (CRO) vs Pierre Delage (FRA),Dino Prizmic (CRO),Pierre Delage (FRA),1.12,5.0,2022-11-30 08:45,2022-11-30 08:45
55,ITF Men,Marcel Politowicz (POL) vs Andrea Bacaloni (ITA),Marcel Politowicz (POL),Andrea Bacaloni (ITA),5.75,1.09,2022-11-30 08:45,2022-11-30 08:45
56,ITF Men,Stevan Popovic (GER) vs Devin Badenhorst (RSA),Stevan Popovic (GER),Devin Badenhorst (RSA),3.5,1.25,2022-11-30 08:45,2022-11-30 08:45
57,ITF Men,Wissam Abderrahman (TUN) vs Facundo Yunis (GER),Wissam Abderrahman (TUN),Facundo Yunis (GER),2.2,1.57,2022-11-30 10:45,2022-11-30 10:45
58,ITF Men,Jiri Jenicek (CZE) vs Matas Vasiliauskas (LTU),Jiri Jenicek (CZE),Matas Vasiliauskas (LTU),1.62,2.1,2022-11-30 10:45,2022-11-30 10:45
59,ITF Men,Niklas Waldner (AUT) vs Gabriele Camilli (ITA),Niklas Waldner (AUT),Gabriele Camilli (ITA),1.62,2.1,2022-11-30 10:45,2022-11-30 10:45
60,ITF Men,Neil Oberleitner (AUT) vs Lorenzo Claverie (ITA),Neil Oberleitner (AUT),Lorenzo Claverie (ITA),1.53,2.3,2022-11-30 10:45,2022-11-30 10:45
61,ITF Men,Alessandro Bellifemine (ITA) vs Gabriele Maria Noce (ITA),Alessandro Bellifemine (ITA),Gabriele Maria Noce (ITA),3.0,1.33,2022-11-30 10:45,2022-11-30 10:45
62,ITF Men,Sean Van Rensburg (AUS) vs Alexander Donski (BUL),Sean Van Rensburg (AUS),Alexander Donski (BUL),5.25,1.11,2022-11-30 10:45,2022-11-30 10:45
63,ITF Men,Taiyo Yamanaka (JPN) vs Aziz Ouakaa (TUN),Taiyo Yamanaka (JPN),Aziz Ouakaa (TUN),1.36,2.8,2022-11-30 12:45,2022-11-30 12:45
64,ITF Men,Denis Constantin Spiridon (ITA) vs Stefano Reitano (ITA),Denis Constantin Spiridon (ITA),Stefano Reitano (ITA),5.0,1.12,2022-11-30 12:45,2022-11-30 12:45
65,ITF Men,Constantin Bittoun Kouzmine (FRA) vs Maximus Jones (THA),Constantin Bittoun Kouzmine (FRA),Maximus Jones (THA),1.1,5.5,2022-11-30 12:45,2022-11-30 12:45
66,ITF Men,Yevhenii Bondarenko (UKR) vs Alexis Canter (GBR),Yevhenii Bondarenko (UKR),Alexis Canter (GBR),7.5,1.05,2022-11-30 12:45,2022-11-30 12:45
67,ITF Men,Dusan Obradovic (SRB) vs Aziz Dougaz (TUN),Dusan Obradovic (SRB),Aziz Dougaz (TUN),5.25,1.11,2022-11-30 12:45,2022-11-30 12:45
68,ITF Men,Lazar Milicevic (SRB) vs Arthur Bouquier (FRA),Lazar Milicevic (SRB),Arthur Bouquier (FRA),5.5,1.1,2022-11-30 12:45,2022-11-30 12:45
69,ITF Men,Ray Ho (TPE) vs Brian Bozemoj (NED),Ray Ho (TPE),Brian Bozemoj (NED),1.53,2.3,2022-11-30 12:45,2022-11-30 12:45
70,ITF Men,Mark Lajal (EST) vs Tom Evans (AUS),Mark Lajal (EST),Tom Evans (AUS),1.08,6.25,2022-11-30 14:45,2022-11-30 14:45
71,ITF Men,Omni Kumar (USA) vs Pablo Trochu (FRA),Omni Kumar (USA),Pablo Trochu (FRA),1.06,7.0,2022-11-30 14:45,2022-11-30 14:45
72,ITF Men,Noel Larwig (GER) vs Antoine Berger (FRA),Noel Larwig (GER),Antoine Berger (FRA),2.1,1.62,2022-11-30 14:45,2022-11-30 14:45
73,ITF Men,Alberto Morolli (ITA) vs Karol Tomanski (POL),Alberto Morolli (ITA),Karol Tomanski (POL),1.83,1.83,2022-11-30 14:45,2022-11-30 14:45
74,ITF Men,Jun Ha Hyun (KOR) vs Saba Purtseladze (GEO),Jun Ha Hyun (KOR),Saba Purtseladze (GEO),6.5,1.07,2022-11-30 08:15,2022-11-30 08:15
75,ITF Men,TaevsWoo Lee (KOR) vs Amr Elsayed (EGY),Tae-Woo Lee (KOR),Amr Elsayed (EGY),2.2,1.57,2022-11-30 10:15,2022-11-30 10:15
76,ITF Men,Simone Roncalli (ITA) vs Michal Mikula (POL),Simone Roncalli (ITA),Michal Mikula (POL),1.44,2.55,2022-11-30 10:15,2022-11-30 10:15
77,ITF Men,Lukas Krainer (AUT) vs Nicolas Kobelt (SUI),Lukas Krainer (AUT),Nicolas Kobelt (SUI),1.57,2.2,2022-11-30 10:15,2022-11-30 10:15
78,ITF Men,Dinko Dinev (BUL) vs Vojtech Petr (CZE),Dinko Dinev (BUL),Vojtech Petr (CZE),3.25,1.28,2022-11-30 10:15,2022-11-30 10:15
79,ITF Men,Robert Strombachs (GER) vs Faris Zakaryia (EGY),Robert Strombachs (GER),Faris Zakaryia (EGY),1.04,7.5,2022-11-30 12:15,2022-11-30 12:15
80,ITF Men,Nicolo Pozzani (ITA) vs Ilia Simakin (RUS),Nicolo Pozzani (ITA),Ilia Simakin (RUS),3.75,1.22,2022-11-30 12:15,2022-11-30 12:15
81,ITF Men,Filippo Speziali (ITA) vs Yeongseok Jeong (KOR),Filippo Speziali (ITA),Yeongseok Jeong (KOR),4.75,1.14,2022-11-30 12:15,2022-11-30 12:15
82,ITF Men,Bor Artnak (SLO) vs Sanhui Shin (KOR),Bor Artnak (SLO),Sanhui Shin (KOR),1.57,2.2,2022-11-30 14:15,2022-11-30 14:15
83,ITF Men,Gabriele Pennaforti (ITA) vs Carlo Alberto Fossati (ITA),Gabriele Pennaforti (ITA),Carlo Alberto Fossati (ITA),1.83,1.83,2022-11-30 14:15,2022-11-30 14:15
84,ITF Men,Mirza Basic (BIH) vs Stefanos Sakellaridis (GRE),Mirza Basic (BIH),Stefanos Sakellaridis (GRE),1.14,4.75,2022-11-30 09:15,2022-11-30 09:15
85,ITF Men,Daniel Paty (CZE) vs Michael Vrbenský (CZE),Daniel Paty (CZE),Michael Vrbenský (CZE),5.75,1.09,2022-11-30 09:15,2022-11-30 09:15
86,ITF Men,Kirill Kivattsev (RUS) vs Samuel Kyjaci (SVK),Kirill Kivattsev (RUS),Samuel Kyjaci (SVK),1.25,3.5,2022-11-30 11:15,2022-11-30 11:15
87,ITF Men,David Poljak (CZE) vs Tomas Lanik (SVK),David Poljak (CZE),Tomas Lanik (SVK),1.08,6.25,2022-11-30 11:15,2022-11-30 11:15
88,ITF Men,Mick Veldheer (NED) vs Michal Krajci (SVK),Mick Veldheer (NED),Michal Krajci (SVK),1.36,2.8,2022-11-30 11:15,2022-11-30 11:15
89,ITF Men,Roy Smith (USA) vs Andrea Guerrieri (ITA),Roy Smith (USA),Andrea Guerrieri (ITA),1.6,2.15,2022-11-30 13:15,2022-11-30 13:15
90,ITF Men,Pavel Nejedly (CZE) vs Jan Kupcic (SLO),Pavel Nejedly (CZE),Jan Kupcic (SLO),1.3,3.1,2022-11-30 13:15,2022-11-30 13:15
91,ITF Men,Florian Broska (GER) vs Peter Nad (SVK),Florian Broska (GER),Peter Nad (SVK),1.16,4.4,2022-11-30 13:15,2022-11-30 13:15
92,ITF Men,Joao Victor Couto Loureiro (BRA) vs Pedro Boscardin Dias (BRA),Joao Victor Couto Loureiro (BRA),Pedro Boscardin Dias (BRA),1.33,3.0,2022-11-29 20:58,2022-11-30 02:15
93,ITF Men,Fernando Yamacita (BRA) vs Victor Tosetto (BRA),Fernando Yamacita (BRA),Victor Tosetto (BRA),1.02,9.5,2022-11-29 21:01,2022-11-30 02:15
94,ITF Men,Gustavo Heide (BRA) vs Paulo Andre Saraiva Dos Santos (BRA),Gustavo Heide (BRA),Paulo Andre Saraiva Dos Santos (BRA),1.05,7.25,2022-11-30 13:15,2022-11-30 13:15
95,ITF Men,Marcelo Zormann (BRA) vs Nicolas Zanellato (BRA),Marcelo Zormann (BRA),Nicolas Zanellato (BRA),1.65,2.05,2022-11-30 21:15,2022-11-30 21:15
96,ITF Men,G. R. de Almeida/M. A. De Lima vs M. Alves/G. Roveri Sidney,G. R. de Almeida/M. A. De Lima,M. Alves/G. Roveri Sidney,6.75,1.05,2022-11-29 23:15,2022-11-29 23:15
97,ITF Men,L. Carnevalle/F. Mirgone vs T. Guglieri/G. Tedesco,L. Carnevalle/F. Mirgone,T. Guglieri/G. Tedesco,1.17,4.1,2022-11-29 23:15,2022-11-29 23:15
98,ITF Men,I. Gimenez/G. Lomakin vs J. E. Schiessl/V. Tosetto,I. Gimenez/G. Lomakin,J. E. Schiessl/V. Tosetto,1.2,3.75,2022-11-30 19:15,2022-11-30 19:15
99,ITF Men,E. Bogo/H. J. Escurra Isnardi vs J. V. Couto Loureiro/G. Heide,E. Bogo/H. J. Escurra Isnardi,J. V. Couto Loureiro/G. Heide,5.75,1.08,2022-11-30 19:15,2022-11-30 19:15
100,ITF Men,R. Augusto dos Santos/N. Oliveira vs G. P. Tumasonis/F. Yamacita,R. Augusto dos Santos/N. Oliveira,G. P. Tumasonis/F. Yamacita,7.0,1.05,2022-11-30 19:15,2022-11-30 19:15
101,ITF Men,V. M. Alves/M. Cury Bueres vs P. Boscardin Dias/E. Ribeiro,V. M. Alves/M. Cury Bueres,P. Boscardin Dias/E. Ribeiro,6.0,1.07,2022-11-30 23:15,2022-11-30 23:15
102,ITF Men,T. Franco/F. Roncadelli vs L. Pinto/P. A. Saraiva Dos Santos,T. Franco/F. Roncadelli,L. Pinto/P. A. Saraiva Dos Santos,1.33,2.9,2022-11-30 23:15,2022-11-30 23:15
103,ITF Men,D. Sakellaridis/S. Sakellaridis vs S. Parker/A. Setkic,D. Sakellaridis/S. Sakellaridis,S. Parker/A. Setkic,5.25,1.1,2022-11-30 15:15,2022-11-30 15:15
104,ITF Men,J. Barnat/M. Vrbensky vs A. Shelbayh/C. Wong,J. Barnat/M. Vrbensky,A. Shelbayh/C. Wong,1.53,2.25,2022-11-30 15:15,2022-11-30 15:15
105,ITF Men,M. Karol/L. Pokorny vs D. Rincon/D. Vallejo,M. Karol/L. Pokorny,D. Rincon/D. Vallejo,1.57,2.15,2022-11-30 15:15,2022-11-30 15:15
106,ITF Men,S. Kyjaci/T. Lanik vs A. Jurajda/D. Siniakov,S. Kyjaci/T. Lanik,A. Jurajda/D. Siniakov,4.75,1.12,2022-11-30 17:15,2022-11-30 17:15
107,ITF Men,R. Smith/G. Tresca vs S. Kopp/K. Lemstra,R. Smith/G. Tresca,S. Kopp/K. Lemstra,3.0,1.3,2022-11-30 17:15,2022-11-30 17:15
108,ITF Men,P. Nad/P. B. Privara vs D. Biljesko/K. Kivattsev,P. Nad/P. B. Privara,D. Biljesko/K. Kivattsev,2.05,1.65,2022-11-30 19:15,2022-11-30 19:15
109,ITF Women,Anna Ureke (RUS) vs YuvsYun Li (TPE),Anna Ureke (RUS),Yu-Yun Li (TPE),1.5,2.35,2022-11-30 06:45,2022-11-30 06:45
110,ITF Women,Valerija Maija Kargina (LAT) vs Andrea Obradovic (SRB),Valerija Maija Kargina (LAT),Andrea Obradovic (SRB),3.9,1.2,2022-11-30 06:45,2022-11-30 06:45
111,ITF Women,Beatris Spasova (BUL) vs Chiara Fornasieri (ITA),Beatris Spasova (BUL),Chiara Fornasieri (ITA),3.5,1.25,2022-11-30 06:45,2022-11-30 06:45
112,ITF Women,Iulia Andreea Ionescu (ROU) vs Valeriia Olianovskaia (RUS),Iulia Andreea Ionescu (ROU),Valeriia Olianovskaia (RUS),7.25,1.05,2022-11-30 08:45,2022-11-30 08:45
113,ITF Women,Ilay Yoruk (TUR) vs Benedetta Ortenzi (ITA),Ilay Yoruk (TUR),Benedetta Ortenzi (ITA),1.05,7.25,2022-11-30 08:45,2022-11-30 08:45
114,ITF Women,Leyla Nilufer Elmas (TUR) vs Mayuka Aikawa (JPN),Leyla Nilufer Elmas (TUR),Mayuka Aikawa (JPN),6.5,1.07,2022-11-30 08:45,2022-11-30 08:45
115,ITF Women,Emma Lene (FRA) vs Marta Soriano Santiago (ESP),Emma Lene (FRA),Marta Soriano Santiago (ESP),1.53,2.3,2022-11-30 08:45,2022-11-30 08:45
116,ITF Women,Linda Sevcikova (CZE) vs Madelief Hageman (NED),Linda Sevcikova (CZE),Madelief Hageman (NED),1.25,3.5,2022-11-30 10:45,2022-11-30 10:45
117,ITF Women,Defne Cirpanli (TUR) vs Noka Juric (SLO),Defne Cirpanli (TUR),Noka Juric (SLO),2.65,1.4,2022-11-30 10:45,2022-11-30 10:45
118,ITF Women,Natalija Senic (SRB) vs Laura Svatikova (SVK),Natalija Senic (SRB),Laura Svatikova (SVK),1.22,3.75,2022-11-30 10:45,2022-11-30 10:45
119,ITF Women,Aminata Sall (FRA) vs Elizaveta Morozova (RUS),Aminata Sall (FRA),Elizaveta Morozova (RUS),1.85,1.83,2022-11-30 10:15,2022-11-30 10:15
120,ITF Women,Oceane Babel (FRA) vs Georgina Hays (GBR),Oceane Babel (FRA),Georgina Hays (GBR),1.03,8.25,2022-11-30 10:15,2022-11-30 10:15
121,ITF Women,Iveta Dapkute (LTU) vs Yelyzaveta Kotliar (UKR),Iveta Dapkute (LTU),Yelyzaveta Kotliar (UKR),1.78,1.9,2022-11-30 12:15,2022-11-30 12:15
122,ITF Women,Chanel Janssen (NED) vs Helena Mohamed (FRA),Chanel Janssen (NED),Helena Mohamed (FRA),2.6,1.42,2022-11-30 12:15,2022-11-30 12:15
123,ITF Women,Amira Benaissa (ALG) vs Julita Saner (SWE),Amira Benaissa (ALG),Julita Saner (SWE),4.6,1.14,2022-11-30 14:15,2022-11-30 14:15
124,ITF Women,Marie Weckerle (LUX) vs Celia Cervino Ruiz (ESP),Marie Weckerle (LUX),Celia Cervino Ruiz (ESP),6.5,1.07,2022-11-30 14:15,2022-11-30 14:15
125,ITF Women,Natalia Siedliska (GER) vs Pauline Courcoux (FRA),Natalia Siedliska (GER),Pauline Courcoux (FRA),1.25,3.5,2022-11-30 16:15,2022-11-30 16:15
126,ITF Women,P.vsC. Lee/M. V. Viviani vs M. Dzjachangirova/B. L. Pirtac,P.-C. Lee/M. V. Viviani,M. Dzjachangirova/B. L. Pirtac,1.03,7.5,2022-11-30 16:15,2022-11-30 16:15
127,ITF Women,Maja Radenkovic (SWE) vs Emilie Lindh (GBR),Maja Radenkovic (SWE),Emilie Lindh (GBR),3.7,1.22,2022-11-30 08:45,2022-11-30 08:45
128,ITF Women,Eliessa Vanlangendonck (BEL) vs Demi Tran (NED),Eliessa Vanlangendonck (BEL),Demi Tran (NED),1.14,4.75,2022-11-30 08:45,2022-11-30 08:45
129,ITF Women,Eleni Kordolaimi (GRE) vs Chia Yi Tsao (TPE),Eleni Kordolaimi (GRE),Chia Yi Tsao (TPE),2.2,1.57,2022-11-30 08:45,2022-11-30 08:45
130,ITF Women,Magdalena Swierczynska (POL) vs Kristina Milenkovic (SUI),Magdalena Swierczynska (POL),Kristina Milenkovic (SUI),2.25,1.55,2022-11-30 10:45,2022-11-30 10:45
131,ITF Women,Hanna Vinahradava (BLR) vs Franziska Sziedat (GER),Hanna Vinahradava (BLR),Franziska Sziedat (GER),6.5,1.07,2022-11-30 10:45,2022-11-30 10:45
132,ITF Women,Chiraz Bechri (TUN) vs Emmanuelle Girard (FRA),Chiraz Bechri (TUN),Emmanuelle Girard (FRA),1.5,2.35,2022-11-30 10:45,2022-11-30 10:45
133,ITF Women,Yanni Liu (CHN) vs Zongyu Li (CHN),Yanni Liu (CHN),Zongyu Li (CHN),7.75,1.04,2022-11-30 12:45,2022-11-30 12:45
134,ITF Women,Madison Frahn (AUS) vs Zhuoxuan Bai (CHN),Madison Frahn (AUS),Zhuoxuan Bai (CHN),6.5,1.07,2022-11-30 12:45,2022-11-30 12:45
135,ITF Women,Oana Gavrila (ROU) vs Caroline Romeo (FRA),Oana Gavrila (ROU),Caroline Romeo (FRA),1.62,2.1,2022-11-30 12:45,2022-11-30 12:45
136,ITF Women,Ai Yamaguchi (JPN) vs Anouck Vrancken Peeters (NED),Ai Yamaguchi (JPN),Anouck Vrancken Peeters (NED),5.0,1.12,2022-11-30 14:45,2022-11-30 14:45
137,ITF Women,Camille Moga (FRA) vs Nadine Keller (SUI),Camille Moga (FRA),Nadine Keller (SUI),4.4,1.16,2022-11-30 14:45,2022-11-30 14:45
138,ITF Women,Dejana Radanovic (SRB) vs Natsumi Kawaguchi (JPN),Dejana Radanovic (SRB),Natsumi Kawaguchi (JPN),1.6,2.15,2022-11-30 14:45,2022-11-30 14:45
139,ITF Women,Mia Chudejova (SVK) vs Lucija Ciric Bagaric (CRO),Mia Chudejova (SVK),Lucija Ciric Bagaric (CRO),5.75,1.09,2022-11-30 08:45,2022-11-30 08:45
140,ITF Women,Denise Hrdinkova (CZE) vs Zeel Desai (IND),Denise Hrdinkova (CZE),Zeel Desai (IND),1.95,1.72,2022-11-30 08:45,2022-11-30 08:45
141,ITF Women,Mila Masic (SRB) vs Sofiia Nagornaia (ISR),Mila Masic (SRB),Sofiia Nagornaia (ISR),1.3,3.1,2022-11-30 08:45,2022-11-30 08:45
142,ITF Women,Eszter Meri (SVK) vs Ivana Sebestova (CZE),Eszter Meri (SVK),Ivana Sebestova (CZE),1.6,2.15,2022-11-30 10:45,2022-11-30 10:45
143,ITF Women,Laura Radakovic (BIH) vs Veronika Bokor (AUT),Laura Radakovic (BIH),Veronika Bokor (AUT),1.48,2.4,2022-11-30 10:45,2022-11-30 10:45
144,ITF Women,Bojana Klincov (SUI) vs Ela Platenikova (SVK),Bojana Klincov (SUI),Ela Platenikova (SVK),1.08,6.0,2022-11-30 12:45,2022-11-30 12:45
145,ITF Women,Timea Jaruskova (SVK) vs Astrid Cirotte (FRA),Timea Jaruskova (SVK),Astrid Cirotte (FRA),1.4,2.65,2022-11-30 12:45,2022-11-30 12:45
146,ITF Women,Alina Michalitsch (AUT) vs Iva Primorac (CRO),Alina Michalitsch (AUT),Iva Primorac (CRO),6.5,1.07,2022-11-30 12:45,2022-11-30 12:45
147,ITF Women,P. Leykina/S. Nagornaia vs Z. Bednarz/M. Chudejova,P. Leykina/S. Nagornaia,Z. Bednarz/M. Chudejova,1.5,2.3,2022-11-30 14:45,2022-11-30 14:45
148,ITF Women,A. Gross/L. M. Rothensteiner vs A. Amos/A. Koller,A. Gross/L. M. Rothensteiner,A. Amos/A. Koller,5.25,1.1,2022-11-30 14:45,2022-11-30 14:45
149,ITF Women,S. Auer/V. Kan vs V. Bokor/L. Radakovic,S. Auer/V. Kan,V. Bokor/L. Radakovic,1.8,1.83,2022-11-30 14:45,2022-11-30 14:45
150,ITF Women,Diana Marcinkevica (LAT) vs Daria Lopatetska (UKR),Diana Marcinkevica (LAT),Daria Lopatetska (UKR),1.72,1.95,2022-11-30 09:45,2022-11-30 09:45
151,ITF Women,Ekaterina Ovcharenko (RUS) vs Katarzyna Kawa (POL),Ekaterina Ovcharenko (RUS),Katarzyna Kawa (POL),6.5,1.07,2022-11-30 09:45,2022-11-30 09:45
152,ITF Women,Katarina Jokic (SRB) vs Jana Fett (CRO),Katarina Jokic (SRB),Jana Fett (CRO),3.9,1.2,2022-11-30 11:45,2022-11-30 11:45
153,ITF Women,Taylor Ng (USA) vs Nefisa Berberovic (BIH),Taylor Ng (USA),Nefisa Berberovic (BIH),1.45,2.5,2022-11-30 13:45,2022-11-30 13:45
154,ITF Women,Mary Lewis (USA) vs Nahia Berecoechea (FRA),Mary Lewis (USA),Nahia Berecoechea (FRA),3.5,1.25,2022-11-30 07:30,2022-11-30 07:30
155,ITF Women,Katarina Kuzmova (SVK) vs Doga Turkmen (TUR),Katarina Kuzmova (SVK),Doga Turkmen (TUR),1.05,7.25,2022-11-30 07:45,2022-11-30 07:45
156,ITF Women,Zhanel Rustemova (KAZ) vs Yasmin Ezzat (EGY),Zhanel Rustemova (KAZ),Yasmin Ezzat (EGY),2.15,1.6,2022-11-30 07:45,2022-11-30 07:45
157,ITF Women,IvsHsuan Cho (TPE) vs Alisa Kummel (RUS),I-Hsuan Cho (TPE),Alisa Kummel (RUS),1.5,2.35,2022-11-30 07:45,2022-11-30 07:45
158,ITF Women,Radka Zelnickova (SVK) vs Aglaya Fedorova (RUS),Radka Zelnickova (SVK),Aglaya Fedorova (RUS),1.33,2.95,2022-11-30 09:45,2022-11-30 09:45
159,ITF Women,Cara Maria Mester (ROU) vs Yi Tsen Cho (TPE),Cara Maria Mester (ROU),Yi Tsen Cho (TPE),1.22,3.75,2022-11-30 09:45,2022-11-30 09:45
160,ITF Women,Liisa Varul (EST) vs Yujin Ahn (KOR),Liisa Varul (EST),Yujin Ahn (KOR),3.25,1.28,2022-11-30 10:15,2022-11-30 10:15
161,ITF Women,Briana Szabo (ROU) vs Giulia Tedesco (ITA),Briana Szabo (ROU),Giulia Tedesco (ITA),1.36,2.8,2022-11-30 11:45,2022-11-30 11:45
162,ITF Women,Mariam Atia (EGY) vs Ekaterina Shalimova (RUS),Mariam Atia (EGY),Ekaterina Shalimova (RUS),6.5,1.07,2022-11-30 11:45,2022-11-30 11:45
163,ITF Women,Anastasiya Apalikhina (RUS) vs Arina Solomatina (KGZ),Anastasiya Apalikhina (RUS),Arina Solomatina (KGZ),1.83,1.83,2022-11-30 11:45,2022-11-30 11:45
164,ITF Women,Vanessa Ioana Georgiana Popa Teiusanu (ROU) vs Giulia Carbonaro (ITA),Vanessa Ioana Georgiana Popa Teiusanu (ROU),Giulia Carbonaro (ITA),3.1,1.3,2022-11-30 12:15,2022-11-30 12:15
165,ITF Women,Jermine Sherif (EGY) vs Karine Sarkisova (RUS),Jermine Sherif (EGY),Karine Sarkisova (RUS),4.33,1.16,2022-11-30 13:45,2022-11-30 13:45
166,ITF Women,Emily Welker (GER) vs Aruzhan Sagandikova (KAZ),Emily Welker (GER),Aruzhan Sagandikova (KAZ),1.3,3.1,2022-11-30 13:45,2022-11-30 13:45
167,ITF Women,Elizaveta Shebekina (RUS) vs Melania Delai (ITA),Elizaveta Shebekina (RUS),Melania Delai (ITA),2.8,1.36,2022-11-30 15:45,2022-11-30 15:45
168,ITF Women,Jimar Geraldine Gerald Gonzalez (CHI) vs Anouk Koevermans (NED),Jimar Geraldine Gerald Gonzalez (CHI),Anouk Koevermans (NED),3.25,1.28,2022-11-30 08:15,2022-11-30 08:15
169,ITF Women,Maria Oliver Sanchez (ESP) vs Lucia Cortez Llorca (ESP),Maria Oliver Sanchez (ESP),Lucia Cortez Llorca (ESP),7.25,1.05,2022-11-30 08:15,2022-11-30 08:15
170,ITF Women,Darja Semenistaja (LAT) vs Naia Mercadier (FRA),Darja Semenistaja (LAT),Naia Mercadier (FRA),1.03,8.25,2022-11-30 08:15,2022-11-30 08:15
171,ITF Women,Marine Szostak (FRA) vs Tianmi Mi (CHN),Marine Szostak (FRA),Tianmi Mi (CHN),1.8,1.87,2022-11-30 08:15,2022-11-30 08:15
172,ITF Women,Gloria Ceschi (ITA) vs Emma Rizzetto (ITA),Gloria Ceschi (ITA),Emma Rizzetto (ITA),1.2,3.9,2022-11-30 10:15,2022-11-30 10:15
173,ITF Women,Louise Brunskog (SWE) vs Lidia Moreno Arias (ESP),Louise Brunskog (SWE),Lidia Moreno Arias (ESP),1.4,2.65,2022-11-30 10:15,2022-11-30 10:15
174,ITF Women,Antonia Samudio (COL) vs Tiantsoa Sarah Rakotomanga Rajaonah (FRA),Antonia Samudio (COL),Tiantsoa Sarah Rakotomanga Rajaonah (FRA),6.75,1.06,2022-11-30 10:15,2022-11-30 10:15
175,ITF Women,Ana Giraldi Requena (ESP) vs Noelia Bouzo Zanotti (ESP),Ana Giraldi Requena (ESP),Noelia Bouzo Zanotti (ESP),2.4,1.48,2022-11-30 10:15,2022-11-30 10:15
176,ITF Women,Blanca Pico Navarro (ESP) vs Martina Spigarelli (ITA),Blanca Pico Navarro (ESP),Martina Spigarelli (ITA),2.4,1.48,2022-11-30 12:15,2022-11-30 12:15
177,ITF Women,Jasmin Jebawy (GER) vs Jiho Shin (KOR),Jasmin Jebawy (GER),Jiho Shin (KOR),2.5,1.45,2022-11-30 12:15,2022-11-30 12:15
178,ITF Women,D. Semenistaja/M. Szostak vs J. G. Gerald Gonzalez/L. Petretic,D. Semenistaja/M. Szostak,J. G. Gerald Gonzalez/L. Petretic,1.25,3.3,2022-11-30 12:15,2022-11-30 12:15
179,ITF Women,A. Briones Ginesta/A. Giraldi Requena vs L. Cortez Llorca/C. Hoste Ferrer,A. Briones Ginesta/A. Giraldi Requena,L. Cortez Llorca/C. Hoste Ferrer,6.75,1.05,2022-11-30 12:15,2022-11-30 12:15
180,ITF Women,N. Bouzo Zanotti/M. Mettraux vs Y. Chen/N. Ugrelidze,N. Bouzo Zanotti/M. Mettraux,Y. Chen/N. Ugrelidze,1.3,3.0,2022-11-30 14:15,2022-11-30 14:15
181,ITF Women,R. Gonzalez Vilar/T. S. Rakotomanga Rajaonah vs I. Murta/A. Samudio,R. Gonzalez Vilar/T. S. Rakotomanga Rajaonah,I. Murta/A. Samudio,1.53,2.25,2022-11-30 14:15,2022-11-30 14:15
182,Exhibitions,Maria Fernanda Carvajal Altamirano (MEX) vs Lillie Murphy (USA),Maria Fernanda Carvajal Altamirano (MEX),Lillie Murphy (USA),1.4,2.75,2022-11-29 21:03,2022-11-30 02:15
183,Exhibitions,Laylo Bakhodirova (UZB) vs Emily Baek (USA),Laylo Bakhodirova (UZB),Emily Baek (USA),1.05,7.75,2022-11-29 21:08,2022-11-30 02:15
184,Exhibitions,Daniela Rivera (VEN) vs Daria Kuczer (POL),Daniela Rivera (VEN),Daria Kuczer (POL),2.4,1.5,2022-11-29 23:15,2022-11-29 23:15
185,Exhibitions,Luciana Perry (USA) vs Ralitsa Alexandrova (BUL),Luciana Perry (USA),Ralitsa Alexandrova (BUL),1.08,6.5,2022-11-29 23:15,2022-11-29 23:15
186,Exhibitions,Alex Del Corral (USA) vs Sasha Rozin (CAN),Alex Del Corral (USA),Sasha Rozin (CAN),1.08,6.5,2022-11-29 20:27,2022-11-30 02:15
187,Exhibitions,Daniel Sancho Arbizu (ESP) vs Juan David Velasquez (COL),Daniel Sancho Arbizu (ESP),Juan David Velasquez (COL),1.3,3.25,2022-11-29 21:27,2022-11-30 03:15
188,Exhibitions,Tomas Rodriguez (ARG) vs Emile Hudd (GBR),Tomas Rodriguez (ARG),Emile Hudd (GBR),5.75,1.1,2022-11-29 22:15,2022-11-29 22:15
189,Exhibitions,Matthew Segura (USA) vs Charlie Miller (GBR),Matthew Segura (USA),Charlie Miller (GBR),1.5,2.4,2022-11-29 22:15,2022-11-29 22:15
190,Exhibitions,Ryuhei Azuma (JPN) vs Maxwell Smith (USA),Ryuhei Azuma (JPN),Maxwell Smith (USA),1.2,4.0,2022-11-30 00:15,2022-11-30 00:15
